"Model","Res.Df","RSS","Df","Sum.of.Sq","F","Pr..F."
"1",2124,4998109.5181803,NA,NA,NA,NA
"2",2122,4955406.32052204,2,42703.1976582566,9.14316400812048,0.000111220783673846
