"SES","term","estimate","std_error","ci_lower","ci_upper","p_value","significant"
"median_HH_inc","PM2.5:median_HH_inc",-0.920211653480999,0.563989273665748,-2.02624147565228,0.185818168690276,0.102909707475028,"No"
"femaleHH_ns_pct","PM2.5:femaleHH_ns_pct",1.77873390587528,0.555553880554004,0.689246590412834,2.86822122133772,0.0013862661103633,"Yes"
"owner_occ_pct","PM2.5:owner_occ_pct",1.82306059002174,0.467986448503226,0.905300283957213,2.74082089608628,0.000101014390525123,"Yes"
"eduattain_HS","PM2.5:eduattain_HS",-0.74219938310526,0.506038667704144,-1.73458325242032,0.250184486209797,0.142609979327333,"No"
"pctfam_pover","PM2.5:pctfam_pover",3.27893111401882,0.55939971939475,2.18190178907545,4.37596043896219,5.30538553767269e-09,"Yes"
"population","PM2.5:population",-1.40070242939199,0.479935457402137,-2.34189573463696,-0.459509124147021,0.00355397811159029,"Yes"
